fund_id,mutual_fund_name,amc,category,sub_category,plan_type,benchmark,risk_level,min_horizon_years,expense_ratio,exit_load_period_days,lock_in_years,minimum_investing_amount,aum_cr,return_1y,return_3y,return_5y,sharpe_ratio,alpha,beta,calmar_ratio,sortino_ratio,downside_deviation,standard_deviation,max_drawdown,nav,r_squared,info_ratio,tracking_error,std_dev,risk_3y,risk_5y,risk_10y,capture_ratio,ttm_yield,monthly_net_expense_ratio,turnover,inception_date,equity_style_box,load,min_sip_investment,min_withdrawal,min_no_of_cheques,min_addl_investment,min_balance,return_since_launch,risk_grade,return_grade,data_quality
1001,Tata Bluechip Fund - Direct Growth,Tata MF,Equity,Large Cap,Direct Growth,Nifty 100 TRI,Very High,5,1.23,90,0,5000,31638.13,1.39,15.61,11.89,0.92,2.72,1.04,0.54,1.11,6.25,13.61,-23.19,41.86,0.73,0.43,3.41,13.61,10.51,16.63,10.12,108.64,1.71,0.102,67.82,16-04-2000,Large Value,Exit load before 90 days,1000,1000,12,100,1000,14.86,Above Average,High,synthetic_dummy_not_investment_advice
1002,ICICI Prudential Bluechip Fund - Direct Growth,ICICI Prudential MF,Equity,Large Cap,Direct Growth,Nifty 100 TRI,Very High,5,1.14,30,0,1000,27552.96,22.34,9.29,16.89,0.83,-1.63,1.1,0.57,1.22,9.42,18.17,-26.45,108.39,0.68,0.04,0.7,18.17,12.74,11.45,14.08,91.12,1.21,0.095,166.94,23-12-2011,Multi-cap Blend,Exit load before 30 days,500,1000,6,1000,500,14.12,Low,Below Average,synthetic_dummy_not_investment_advice
1003,Canara Robeco Bluechip Fund - Direct Growth,Canara Robeco MF,Equity,Large Cap,Direct Growth,Nifty 100 TRI,Very High,5,1.3,30,0,5000,32304.01,-1.36,8.85,9.54,0.75,1.99,0.92,0.52,1.15,11.73,16.4,-23.64,228.57,0.7,-0.05,4.5,16.4,13.39,16.92,13.64,101.56,0.29,0.108,71.78,16-03-2006,Mid Growth,Exit load before 30 days,500,1000,12,1000,0,11.62,Low,High,synthetic_dummy_not_investment_advice
1004,Motilal Oswal Bluechip Fund - Direct Growth,Motilal Oswal MF,Equity,Large Cap,Direct Growth,Nifty 100 TRI,Very High,5,0.46,90,0,100,57259.56,32.16,23.82,19.64,0.61,2,0.94,0.56,0.9,9.43,18.72,-20.48,320.29,0.94,0.11,3.87,18.72,11.15,9.58,18.66,104.36,4.26,0.038,19.99,01-12-2021,Mid Growth,Exit load before 90 days,1000,100,6,100,1000,5.25,Above Average,High,synthetic_dummy_not_investment_advice
1005,SBI Bluechip Fund - Direct Growth,SBI MF,Equity,Large Cap,Direct Growth,Nifty 100 TRI,Very High,5,1.03,0,0,100,44256.48,-3.74,13.95,15.2,1.03,3.37,0.99,0.74,1.46,9.63,17.14,-23.74,315.87,0.8,0.06,0.48,17.14,10.95,13.85,14.93,80.84,3.26,0.086,159.42,08-04-2010,Small Growth,No Load,100,500,6,500,500,5.88,Below Average,Low,synthetic_dummy_not_investment_advice
1006,ICICI Prudential Large & Mid Cap Fund - Direct Growth,ICICI Prudential MF,Equity,Large & Mid Cap,Direct Growth,Nifty LargeMidcap 250 TRI,Very High,6,0.64,0,0,100,18960.54,16.62,8.27,9.31,0.83,1.22,0.88,0.73,1.26,10.88,19.71,-22.36,302.97,0.73,0,2.75,19.71,16.03,12.6,14.88,96.88,2.17,0.053,156.31,08-04-2002,Large Blend,No Load,500,100,12,100,500,13.48,Average,Above Average,synthetic_dummy_not_investment_advice
1007,Axis Large & Mid Cap Fund - Direct Growth,Axis MF,Equity,Large & Mid Cap,Direct Growth,Nifty LargeMidcap 250 TRI,Very High,6,0.51,0,0,500,44749.12,-3.41,9.48,17.2,0.69,-1.54,1.11,0.4,1.43,11.91,19.05,-32.53,180.97,0.93,-0.03,5.77,19.05,14.52,13.48,13.13,83.2,3.01,0.043,59.98,16-01-2011,Large Value,No Load,500,500,6,1000,1000,12.53,Average,Above Average,synthetic_dummy_not_investment_advice
1008,Kotak Large & Mid Cap Fund - Direct Growth,Kotak MF,Equity,Large & Mid Cap,Direct Growth,Nifty LargeMidcap 250 TRI,Very High,6,1.11,90,0,100,74046.31,0.37,10.08,9.5,0.85,5.47,0.94,0.33,1.45,11.08,15.51,-40.1,308.95,0.77,-0.03,5.02,15.51,14.43,13,17.26,108.14,3.23,0.093,40.63,24-08-2004,Multi-cap Blend,Exit load before 90 days,1000,500,12,500,0,17.21,Low,Above Average,synthetic_dummy_not_investment_advice
1009,Canara Robeco Large & Mid Cap Fund - Direct Growth,Canara Robeco MF,Equity,Large & Mid Cap,Direct Growth,Nifty LargeMidcap 250 TRI,Very High,6,1.07,90,0,500,11362.61,26.84,23.49,20.58,0.6,1.42,1.04,0.36,1.2,7.62,16.83,-27.95,35.58,0.94,0.75,3.32,16.83,11.68,12.74,11.23,113.38,3.51,0.089,159.72,10-05-2016,Mid Growth,Exit load before 90 days,100,1000,6,100,0,16.69,Below Average,Above Average,synthetic_dummy_not_investment_advice
1010,HDFC Large & Mid Cap Fund - Direct Growth,HDFC MF,Equity,Large & Mid Cap,Direct Growth,Nifty LargeMidcap 250 TRI,Very High,6,1.4,30,0,500,65387.83,29.57,25.4,11.91,1.03,3.61,0.91,0.53,1.27,11.38,20.15,-39.29,23.17,0.81,0.01,5.52,20.15,15.13,14.4,21.77,93.99,2.41,0.117,169.37,15-11-2017,Large Blend,Exit load before 30 days,100,500,6,1000,500,9.27,Low,Low,synthetic_dummy_not_investment_advice
1011,DSP Flexi Cap Fund - Direct Growth,DSP MF,Equity,Flexi Cap,Direct Growth,Nifty 500 TRI,Very High,5,1.19,90,0,100,27507.34,-0.01,24.2,15.1,1.03,0.04,1.05,0.53,1.24,11.99,18.09,-35.37,10.58,0.96,0.37,4.34,18.09,15,12.91,18.06,109.68,2.49,0.099,38.57,30-01-2014,Multi-cap Blend,Exit load before 90 days,1000,500,6,1000,1000,13.62,Average,Above Average,synthetic_dummy_not_investment_advice
1012,UTI Flexi Cap Fund - Direct Growth,UTI MF,Equity,Flexi Cap,Direct Growth,Nifty 500 TRI,Very High,5,1.14,90,0,500,25338.56,0.89,8.83,21.78,0.76,-0.29,1,0.44,1.21,11.39,19.24,-33.38,316.4,0.91,-0.02,0.6,19.24,14.5,18.22,14.92,100.62,3.99,0.095,105.74,28-01-2010,Multi-cap Blend,Exit load before 90 days,1000,1000,12,500,500,15.49,Below Average,Below Average,synthetic_dummy_not_investment_advice
1013,Tata Flexi Cap Fund - Direct Growth,Tata MF,Equity,Flexi Cap,Direct Growth,Nifty 500 TRI,Very High,5,1.31,365,0,5000,33360.23,13.99,12.67,11.46,1.06,5.34,1.05,0.62,1.39,9.52,19.57,-33.39,55.34,0.8,0.36,3.4,19.57,14.74,18.19,15.78,92.69,2.82,0.109,53.05,20-02-2007,Large Blend,Exit load before 365 days,1000,1000,12,100,500,14.67,Average,Average,synthetic_dummy_not_investment_advice
1014,Bandhan Flexi Cap Fund - Direct Growth,Bandhan MF,Equity,Flexi Cap,Direct Growth,Nifty 500 TRI,Very High,5,1.48,90,0,5000,43304.07,29.14,25.16,13.87,0.67,1.73,0.97,0.3,0.9,7.36,15.71,-34.63,293.18,0.78,0.61,5.68,15.71,15.73,15.55,16.84,80.78,0.99,0.123,43.4,24-05-2013,Mid Growth,Exit load before 90 days,100,500,6,500,500,14.8,Above Average,Below Average,synthetic_dummy_not_investment_advice
1015,Canara Robeco Flexi Cap Fund - Direct Growth,Canara Robeco MF,Equity,Flexi Cap,Direct Growth,Nifty 500 TRI,Very High,5,1.48,0,0,5000,21085.77,16.58,26,12.9,1.19,1.43,0.88,0.78,1.48,13.31,18.74,-28.43,71.79,0.74,0.14,2.78,18.74,14.85,18.37,17.47,93.5,3.39,0.123,171.18,04-02-2021,Large Growth,No Load,500,100,6,100,0,5.25,Above Average,Low,synthetic_dummy_not_investment_advice
1016,DSP Multi Cap Fund - Direct Growth,DSP MF,Equity,Multi Cap,Direct Growth,Nifty 500 Multicap 50:25:25 TRI,Very High,6,0.81,30,0,100,53711.6,7.06,20.32,19.28,0.99,4.55,0.89,0.69,1.36,14.68,19.86,-28.55,46.75,0.66,0.13,4.1,19.86,17.17,16.79,10.53,118.33,2.4,0.068,120.77,27-07-2004,Large Blend,Exit load before 30 days,1000,1000,12,100,500,14.06,Above Average,Low,synthetic_dummy_not_investment_advice
1017,Aditya Birla Sun Life Multi Cap Fund - Direct Growth,Aditya Birla Sun Life MF,Equity,Multi Cap,Direct Growth,Nifty 500 Multicap 50:25:25 TRI,Very High,6,0.37,365,0,500,66157.85,29.04,11.27,10.97,1,2.31,1.13,0.55,1.29,13.52,22.72,-40.98,158.1,0.89,0.08,5.13,22.72,17.18,14.08,21.44,113.23,3.16,0.031,53.35,02-02-2015,Large Blend,Exit load before 365 days,500,1000,6,100,0,5.37,Above Average,Above Average,synthetic_dummy_not_investment_advice
1018,UTI Multi Cap Fund - Direct Growth,UTI MF,Equity,Multi Cap,Direct Growth,Nifty 500 Multicap 50:25:25 TRI,Very High,6,1.23,0,0,1000,20537.46,24.72,25.12,17.66,0.96,0.45,1.09,0.36,1.33,9.83,15.74,-42.24,170.91,0.83,0.25,4.5,15.74,11.72,18.86,13.59,93.23,2.65,0.102,138.04,21-08-2008,Small Growth,No Load,100,500,6,100,500,9.1,Below Average,Average,synthetic_dummy_not_investment_advice
1019,SBI Multi Cap Fund - Direct Growth,SBI MF,Equity,Multi Cap,Direct Growth,Nifty 500 Multicap 50:25:25 TRI,Very High,6,1.6,0,0,5000,19160.14,18.08,20.36,10.12,1,3.1,1.18,0.38,1.14,10.43,15.44,-40.4,44.88,0.65,0.1,2.92,15.44,17.3,21.39,11.11,93.63,1.12,0.133,102.66,22-12-2017,Mid Growth,No Load,100,1000,6,1000,500,11.39,Above Average,Above Average,synthetic_dummy_not_investment_advice
1020,Axis Multi Cap Fund - Direct Growth,Axis MF,Equity,Multi Cap,Direct Growth,Nifty 500 Multicap 50:25:25 TRI,Very High,6,0.91,90,0,1000,2738.2,4.34,12.76,19.08,0.91,0.12,1.07,0.51,1.47,7.49,15.79,-28.17,91.55,0.83,-0.04,2.51,15.79,15.31,19.65,12.57,107.57,0.52,0.076,44.34,13-05-2020,Large Growth,Exit load before 90 days,1000,500,6,100,0,5.93,Below Average,Average,synthetic_dummy_not_investment_advice
1021,DSP Mid Cap Fund - Direct Growth,DSP MF,Equity,Mid Cap,Direct Growth,Nifty Midcap 150 TRI,Very High,7,1.42,90,0,100,43267.37,2.01,17.34,14.19,0.59,-1.36,1.02,0.38,1.4,11.77,25.48,-39.99,156.89,0.76,0.06,0.64,25.48,14.78,24.96,18.1,118.48,3.66,0.118,174.58,21-10-2001,Mid Growth,Exit load before 90 days,1000,500,12,500,500,14.92,Low,Below Average,synthetic_dummy_not_investment_advice
1022,Kotak Mid Cap Fund - Direct Growth,Kotak MF,Equity,Mid Cap,Direct Growth,Nifty Midcap 150 TRI,Very High,7,0.83,365,0,1000,14312.42,3.14,17.89,20.99,0.72,0.59,0.96,0.38,1.51,16.27,21.95,-41.36,147.42,0.82,0.84,3.98,21.95,16.38,21.08,13.7,101.7,4.38,0.069,111.55,30-10-2019,Large Growth,Exit load before 365 days,1000,1000,6,500,1000,14.88,Low,High,synthetic_dummy_not_investment_advice
1023,Aditya Birla Sun Life Mid Cap Fund - Direct Growth,Aditya Birla Sun Life MF,Equity,Mid Cap,Direct Growth,Nifty Midcap 150 TRI,Very High,7,0.79,90,0,500,69163.55,26.51,12.81,8.04,1.24,3.73,1.02,0.75,1.66,10.88,18.06,-30.04,102.96,0.93,0.83,1.54,18.06,19.26,22.89,20.12,102.05,2.97,0.066,156.42,12-08-2018,Mid Growth,Exit load before 90 days,100,1000,12,500,500,9.42,High,High,synthetic_dummy_not_investment_advice
1024,Aditya Birla Sun Life Mid Cap Fund - Direct Growth,Aditya Birla Sun Life MF,Equity,Mid Cap,Direct Growth,Nifty Midcap 150 TRI,Very High,7,0.46,90,0,500,72372.39,12.61,17.47,14.4,1.15,0.55,0.99,0.8,1.59,12.1,20.45,-29.32,320.57,0.78,0.84,4.78,20.45,19.22,17.33,21.17,106.08,0.69,0.038,87.16,02-07-2004,Large Value,Exit load before 90 days,1000,500,12,1000,0,16.36,Average,High,synthetic_dummy_not_investment_advice
1025,Aditya Birla Sun Life Mid Cap Fund - Direct Growth,Aditya Birla Sun Life MF,Equity,Mid Cap,Direct Growth,Nifty Midcap 150 TRI,Very High,7,1.51,90,0,100,3735.53,4.77,15.42,17.55,1.15,3.97,1.2,0.95,1.26,13.16,22.68,-27.37,43.47,0.86,0.72,2.72,22.68,13.8,14.28,20.53,107.76,1.72,0.126,124.55,24-10-2016,Mid Growth,Exit load before 90 days,500,1000,6,100,500,10.6,Average,Above Average,synthetic_dummy_not_investment_advice
1026,Axis Small Cap Fund - Direct Growth,Axis MF,Equity,Small Cap,Direct Growth,Nifty Smallcap 250 TRI,Very High,8,0.58,90,0,1000,43022.63,21.33,12.94,15.92,1.26,3.11,1.06,0.61,1.6,13.77,23.86,-49.63,95.03,0.93,0.01,2.37,23.86,22.23,25.17,14.78,99.33,2.73,0.048,91.93,25-12-2000,Large Value,Exit load before 90 days,1000,100,12,100,1000,17.71,Below Average,High,synthetic_dummy_not_investment_advice
1027,Axis Small Cap Fund - Direct Growth,Axis MF,Equity,Small Cap,Direct Growth,Nifty Smallcap 250 TRI,Very High,8,0.99,365,0,500,68537.48,8.55,10.07,21.48,1.26,-1.28,1.11,0.71,1.59,12.84,23.85,-42.61,264.14,0.71,-0.06,3.28,23.85,15.69,28.5,27.76,118.86,3.26,0.083,176.49,28-03-2013,NA,Exit load before 365 days,500,1000,12,100,500,14.71,Low,Average,synthetic_dummy_not_investment_advice
1028,UTI Small Cap Fund - Direct Growth,UTI MF,Equity,Small Cap,Direct Growth,Nifty Smallcap 250 TRI,Very High,8,1.14,365,0,1000,34980.78,32.85,13.48,14.9,0.78,3.4,0.98,0.44,1.14,13.72,23.19,-40.84,220.65,0.96,0.14,3.7,23.19,15.17,27.31,16.17,105.91,2.04,0.095,122.34,26-03-2005,Multi-cap Blend,Exit load before 365 days,1000,1000,12,1000,1000,6.82,Below Average,Above Average,synthetic_dummy_not_investment_advice
1029,Tata Small Cap Fund - Direct Growth,Tata MF,Equity,Small Cap,Direct Growth,Nifty Smallcap 250 TRI,Very High,8,0.64,30,0,5000,72625.05,8.34,25.8,19.02,1,-0.11,1.01,0.5,1.43,14.86,26.59,-53.48,343.52,0.77,0.75,3.9,26.59,16.46,26.45,22.87,82.42,2.64,0.053,147.28,15-12-2000,Large Growth,Exit load before 30 days,100,500,6,1000,0,5.66,Average,Below Average,synthetic_dummy_not_investment_advice
1030,SBI Small Cap Fund - Direct Growth,SBI MF,Equity,Small Cap,Direct Growth,Nifty Smallcap 250 TRI,Very High,8,0.76,30,0,5000,44646.85,31.35,19.86,12.22,0.55,-1.87,1.06,0.35,0.95,12.15,22.94,-36.35,53.1,0.79,-0.08,0.47,22.94,21.72,14.47,29.98,97.93,3.81,0.063,79.6,11-12-2001,Large Blend,Exit load before 30 days,1000,500,12,100,0,14.45,Average,High,synthetic_dummy_not_investment_advice
1031,SBI Tax Saver Fund - Direct Growth,SBI MF,Equity,ELSS,Direct Growth,Nifty 500 TRI,Very High,5,1.26,365,3,5000,16362.22,10.95,21.13,12.38,0.7,1.63,1.04,0.53,1.11,10.49,16.6,-22.12,43.72,0.88,0.7,3.94,16.6,12.5,12.8,21.44,110.76,3.09,0.105,88,16-03-2015,Large Blend,Exit load before 365 days,100,100,6,500,0,15.76,Average,Below Average,synthetic_dummy_not_investment_advice
1032,UTI Tax Saver Fund - Direct Growth,UTI MF,Equity,ELSS,Direct Growth,Nifty 500 TRI,Very High,5,1.44,90,3,1000,26453.52,28.81,25.54,19.46,0.92,-1.59,1.17,0.56,1.36,11.55,21.53,-35.27,116.23,0.68,0.33,1.01,21.53,14.91,17.07,10.32,99.29,4.18,0.12,150.16,22-02-2010,Large Value,Exit load before 90 days,100,100,6,500,1000,15.49,Average,Average,synthetic_dummy_not_investment_advice
1033,Kotak Tax Saver Fund - Direct Growth,Kotak MF,Equity,ELSS,Direct Growth,Nifty 500 TRI,Very High,5,1.04,30,3,100,6646.29,5.88,19.91,14.8,1.03,3.97,0.86,0.51,1.33,7.78,15.13,-30.44,152.74,0.76,0.19,4.36,15.13,13.54,13,19.06,111.07,0.51,0.087,80.23,26-03-2002,Large Value,Exit load before 30 days,100,1000,12,1000,1000,13.76,Average,Low,synthetic_dummy_not_investment_advice
1034,Nippon India Tax Saver Fund - Direct Growth,Nippon India MF,Equity,ELSS,Direct Growth,Nifty 500 TRI,Very High,5,1.38,0,3,100,5684.04,29.48,18.36,16.03,0.55,-1.94,0.96,0.21,0.86,10.18,15.1,-39.12,69.74,0.78,0.54,3.05,15.1,15.68,14.59,11.38,113.33,0.09,0.115,61.83,15-08-2020,NA,No Load,500,1000,12,1000,500,16.98,Low,Above Average,synthetic_dummy_not_investment_advice
1035,Canara Robeco Tax Saver Fund - Direct Growth,Canara Robeco MF,Equity,ELSS,Direct Growth,Nifty 500 TRI,Very High,5,1.59,0,3,500,48514.59,1.94,10.75,18.63,0.79,4.23,0.93,0.59,1.03,9.91,20.96,-27.85,225.3,0.83,0,4.68,20.96,10.6,20.46,17.54,94.04,2.09,0.133,103.65,27-07-2006,Small Growth,No Load,100,500,12,1000,500,8.33,Below Average,Above Average,synthetic_dummy_not_investment_advice
1036,ICICI Prudential Infrastructure Fund - Direct Growth,ICICI Prudential MF,Equity,Sectoral/Thematic,Direct Growth,Nifty Thematic TRI,Very High,7,0.79,30,0,100,43650.61,15.05,25.24,14.31,0.92,-1.7,1.01,0.36,1.3,13.81,24.63,-62.4,107.61,0.86,0.83,0.63,24.63,28.79,31.75,35.63,103.76,0.38,0.066,118.07,03-06-2014,Large Blend,Exit load before 30 days,500,100,12,500,1000,12.87,High,High,synthetic_dummy_not_investment_advice
1037,SBI Healthcare Fund - Direct Growth,SBI MF,Equity,Sectoral/Thematic,Direct Growth,Nifty Thematic TRI,Very High,7,1.09,30,0,100,11532.89,21.24,19.92,9.81,1.18,0.68,1.07,0.56,1.42,16.39,29.86,-63.17,199.71,0.78,0.06,5.12,29.86,27.05,16.69,26.74,118.58,2.9,0.091,62.48,10-09-2015,Large Growth,Exit load before 30 days,1000,1000,6,1000,1000,9.03,Above Average,High,synthetic_dummy_not_investment_advice
1038,Kotak Banking & Financial Services Fund - Direct Growth,Kotak MF,Equity,Sectoral/Thematic,Direct Growth,Nifty Thematic TRI,Very High,7,1.18,365,0,500,65766.54,28.25,21.88,19.33,0.63,-0.76,1.2,0.34,1.06,16.84,31.26,-58.28,277.96,0.82,0.37,4.46,31.26,17.81,23.75,23.63,101.06,3.04,0.098,46.57,02-12-2006,Mid Growth,Exit load before 365 days,1000,1000,12,1000,500,7.11,Below Average,High,synthetic_dummy_not_investment_advice
1039,Nippon India Healthcare Fund - Direct Growth,Nippon India MF,Equity,Sectoral/Thematic,Direct Growth,Nifty Thematic TRI,Very High,7,0.32,0,0,1000,36200.12,6.4,21.74,11.82,1.16,4.22,1.12,0.66,1.33,16.9,28.13,-49.58,152.34,0.7,0.01,3.67,28.13,30.39,17.95,24.19,114.92,4.26,0.027,43.86,21-02-2023,Mid Growth,No Load,1000,500,6,500,0,16.07,Above Average,High,synthetic_dummy_not_investment_advice
1040,Kotak Technology Fund - Direct Growth,Kotak MF,Equity,Sectoral/Thematic,Direct Growth,Nifty Thematic TRI,Very High,7,0.88,90,0,100,692.26,16.95,21.09,15.39,1.25,4.33,1.08,1.19,1.48,16.65,33.89,-35.63,107.54,0.92,0.53,0.92,33.89,16.89,20.76,21.32,108.22,0.21,0.073,78.47,03-09-2009,NA,Exit load before 90 days,100,1000,12,100,0,15.85,Above Average,High,synthetic_dummy_not_investment_advice
1041,UTI Dividend Yield Fund - Direct Growth,UTI MF,Equity,Dividend Yield,Direct Growth,Nifty Dividend Opportunities 50 TRI,Very High,5,0.28,365,0,100,65537.86,-4.35,22.19,12.83,0.88,3.35,0.92,0.44,1.08,9,14.82,-29.45,132.61,0.96,0.37,4.74,14.82,14.86,15.91,18.26,100.3,3.31,0.023,63.19,29-09-2016,Large Blend,Exit load before 365 days,1000,500,12,1000,0,8.3,Above Average,Above Average,synthetic_dummy_not_investment_advice
1042,Tata Dividend Yield Fund - Direct Growth,Tata MF,Equity,Dividend Yield,Direct Growth,Nifty Dividend Opportunities 50 TRI,Very High,5,0.52,90,0,100,26965.97,9.72,24.01,18.41,0.49,-1.66,0.92,0.17,0.92,10.48,14.35,-41.04,185.23,0.98,0.37,1.59,14.35,16.16,13.25,20.68,110.13,2.23,0.043,92.07,03-04-2012,NA,Exit load before 90 days,1000,1000,12,100,1000,6.62,Above Average,Low,synthetic_dummy_not_investment_advice
1043,Aditya Birla Sun Life Dividend Yield Fund - Direct Growth,Aditya Birla Sun Life MF,Equity,Dividend Yield,Direct Growth,Nifty Dividend Opportunities 50 TRI,Very High,5,1.62,365,0,100,71108.46,25,10.88,8.44,0.64,3.52,1,0.32,1.06,8.03,14.45,-28.74,24.4,0.94,0.17,5.99,14.45,15.79,16.46,14.26,90.98,0.57,0.135,46.3,18-04-2016,Multi-cap Blend,Exit load before 365 days,1000,500,12,500,1000,11.67,Low,High,synthetic_dummy_not_investment_advice
1044,SBI Dividend Yield Fund - Direct Growth,SBI MF,Equity,Dividend Yield,Direct Growth,Nifty Dividend Opportunities 50 TRI,Very High,5,0.61,365,0,1000,33636.6,29.11,16.14,20.58,0.67,0,1.08,0.33,1.04,7.86,16.24,-33.24,260.13,0.81,0.21,3.41,16.24,12.56,9.97,17.18,90.47,3.8,0.051,60.93,23-12-2008,Large Value,Exit load before 365 days,1000,1000,6,1000,1000,6.59,Average,Average,synthetic_dummy_not_investment_advice
1045,Canara Robeco Dividend Yield Fund - Direct Growth,Canara Robeco MF,Equity,Dividend Yield,Direct Growth,Nifty Dividend Opportunities 50 TRI,Very High,5,0.68,365,0,5000,74969.75,-2.05,25.5,16.99,0.93,-1.79,1.13,0.33,1.21,8.39,13.61,-38.94,135.43,0.92,0.38,3.71,13.61,12.6,16.48,13.13,83.45,3.95,0.057,141.55,14-05-2018,Multi-cap Blend,Exit load before 365 days,1000,1000,6,100,500,15.7,High,Low,synthetic_dummy_not_investment_advice
1046,Canara Robeco Value Fund - Direct Growth,Canara Robeco MF,Equity,Value/Contra,Direct Growth,Nifty 500 Value 50 TRI,Very High,5,0.38,90,0,500,48181.76,-3.87,8.82,16.98,0.65,0.27,1.03,0.42,1.35,7.12,15.03,-23.21,76.74,0.97,0.09,3.79,15.03,15.19,17.81,19.97,104.58,1.87,0.032,116.82,05-11-2001,Mid Growth,Exit load before 90 days,100,1000,12,1000,500,15.73,Above Average,Below Average,synthetic_dummy_not_investment_advice
1047,Motilal Oswal Contra Fund - Direct Growth,Motilal Oswal MF,Equity,Value/Contra,Direct Growth,Nifty 500 Value 50 TRI,Very High,5,0.97,0,0,500,8231.94,0.64,8.91,21.24,0.74,-0.85,0.97,0.36,1.08,11.86,16.74,-34.32,118.57,0.98,0.16,2.45,16.74,17.78,15.02,22.51,110.43,4.06,0.081,147.36,31-12-2011,Small Growth,No Load,500,1000,12,100,0,10.84,Above Average,High,synthetic_dummy_not_investment_advice
1048,Mirae Asset Contra Fund - Direct Growth,Mirae Asset MF,Equity,Value/Contra,Direct Growth,Nifty 500 Value 50 TRI,Very High,5,0.4,90,0,1000,10304.94,11.02,18.27,10.73,0.77,-1.61,1.05,0.33,0.91,9.15,17.12,-39.46,213.16,0.93,0.51,1.79,17.12,14.98,10.88,16.56,80.33,3.44,0.033,53.95,01-02-2018,Small Growth,Exit load before 90 days,1000,1000,6,100,0,9.76,Above Average,Average,synthetic_dummy_not_investment_advice
1049,Motilal Oswal Contra Fund - Direct Growth,Motilal Oswal MF,Equity,Value/Contra,Direct Growth,Nifty 500 Value 50 TRI,Very High,5,0.48,90,0,1000,74299,16.29,20.76,12.2,0.94,0.66,0.9,0.37,1.11,10.36,17.5,-43.96,165.38,0.85,0.34,2.03,17.5,17.34,14.42,18.76,104.52,4.41,0.04,107.15,03-10-2022,NA,Exit load before 90 days,1000,1000,6,1000,500,15.77,Average,High,synthetic_dummy_not_investment_advice
1050,DSP Value Fund - Direct Growth,DSP MF,Equity,Value/Contra,Direct Growth,Nifty 500 Value 50 TRI,Very High,5,1.22,0,0,5000,30955.19,17.44,25.97,14.7,0.83,3.45,0.9,0.6,1.1,8.54,18.58,-25.65,332.39,0.69,-0.18,1.95,18.58,13.39,21.48,15.98,86.06,2.4,0.102,100.6,12-03-2006,Multi-cap Blend,No Load,1000,1000,12,1000,500,11.74,Below Average,Below Average,synthetic_dummy_not_investment_advice
1051,Axis Overnight Fund - Direct Growth,Axis MF,Debt,Overnight,Direct Growth,CRISIL Overnight Fund AI Index,Low,0.1,1.5,0,0,1000,29771.57,8.78,4.32,7.7,2.4,0.42,0.2,4.56,2.84,0.12,0.19,-0.1,327.73,0.71,0.1,3.48,0.19,0.66,2.99,1.07,101.73,7.48,0.125,52.45,10-01-2013,NA,No Load,100,100,6,1000,1000,4.17,High,Below Average,synthetic_dummy_not_investment_advice
1052,Nippon India Overnight Fund - Direct Growth,Nippon India MF,Debt,Overnight,Direct Growth,CRISIL Overnight Fund AI Index,Low,0.1,0.53,0,0,1000,72304.38,4.45,6.3,6.14,1.88,-0.29,0.28,1.32,2,0.12,0.19,-0.27,325.89,0.55,0.78,5.28,0.19,0.72,3.75,4.57,99.1,5.53,0.044,159.39,27-08-2002,NA,No Load,500,100,12,500,0,7.63,Average,Low,synthetic_dummy_not_investment_advice
1053,HDFC Overnight Fund - Direct Growth,HDFC MF,Debt,Overnight,Direct Growth,CRISIL Overnight Fund AI Index,Low,0.1,1.26,0,0,1000,1352.09,8.28,7.59,7.31,2.38,-0.1,0.32,2.86,2.6,0.11,0.18,-0.15,102.76,0.75,0.15,4.41,0.18,0.52,0.35,3.35,105.93,5.55,0.105,29.61,30-08-2008,NA,No Load,500,100,6,500,500,4.7,Below Average,Above Average,synthetic_dummy_not_investment_advice
1054,Motilal Oswal Overnight Fund - Direct Growth,Motilal Oswal MF,Debt,Overnight,Direct Growth,CRISIL Overnight Fund AI Index,Low,0.1,0.41,0,0,1000,68734.94,4.67,4.61,6.99,1.31,-0.12,0.07,2.36,1.66,0.1,0.18,-0.1,147.84,0.6,0.74,4.25,0.18,0.61,1.66,2.75,92.44,6.41,0.034,99.07,27-11-2009,NA,No Load,500,100,6,1000,500,4.88,High,Average,synthetic_dummy_not_investment_advice
1055,ICICI Prudential Overnight Fund - Direct Growth,ICICI Prudential MF,Debt,Overnight,Direct Growth,CRISIL Overnight Fund AI Index,Low,0.1,0.43,0,0,100,31332.22,5.54,4.09,5.02,2.21,0.36,0.31,1.41,2.63,0.1,0.16,-0.25,253.75,0.59,0.74,2.73,0.16,0,0.87,0.37,82.23,6.27,0.036,127.57,27-09-2020,NA,No Load,1000,100,12,100,500,6.69,Above Average,Below Average,synthetic_dummy_not_investment_advice
1056,Motilal Oswal Liquid Fund - Direct Growth,Motilal Oswal MF,Debt,Liquid,Direct Growth,CRISIL Liquid Debt A-I Index,Low to Moderate,0.2,0.43,0,0,100,73410.71,7.6,5.7,5.52,1.39,1.15,0.07,1.39,1.95,0.37,0.52,-0.52,55.22,0.78,-0.08,5.96,0.52,0.23,1.84,0.78,95.72,5.57,0.036,158.16,20-05-2013,NA,No Load,100,100,12,1000,0,5.85,Below Average,Below Average,synthetic_dummy_not_investment_advice
1057,ICICI Prudential Liquid Fund - Direct Growth,ICICI Prudential MF,Debt,Liquid,Direct Growth,CRISIL Liquid Debt A-I Index,Low to Moderate,0.2,1.06,0,0,1000,43437.37,8.93,6.09,5.65,1.48,0.51,0.18,0.48,2.76,0.17,0.25,-0.77,273.86,0.42,0.84,1.48,0.25,0.28,2.23,2.96,116.66,7.21,0.088,35.65,15-07-2013,NA,No Load,100,1000,12,100,500,7.51,Above Average,High,synthetic_dummy_not_investment_advice
1058,Kotak Liquid Fund - Direct Growth,Kotak MF,Debt,Liquid,Direct Growth,CRISIL Liquid Debt A-I Index,Low to Moderate,0.2,0.59,0,0,100,15489.25,7.62,4.76,5.07,1.09,0.76,0.14,2.32,2.53,0.24,0.34,-0.16,321.01,0.63,0.82,3.39,0.34,0.67,2.41,4.37,85.36,5.56,0.049,138.3,23-08-2016,NA,No Load,500,500,6,500,500,4.37,Low,Below Average,synthetic_dummy_not_investment_advice
1059,Bandhan Liquid Fund - Direct Growth,Bandhan MF,Debt,Liquid,Direct Growth,CRISIL Liquid Debt A-I Index,Low to Moderate,0.2,1.49,0,0,5000,35110.5,6.07,6.25,4.89,1.87,0.06,0.17,2.98,2.84,0.23,0.43,-0.27,106.24,0.58,0.48,1.92,0.43,0.15,1.04,4.67,94.39,6.74,0.124,78.08,10-02-2009,NA,No Load,500,100,12,100,500,5.48,High,Below Average,synthetic_dummy_not_investment_advice
1060,Mirae Asset Liquid Fund - Direct Growth,Mirae Asset MF,Debt,Liquid,Direct Growth,CRISIL Liquid Debt A-I Index,Low to Moderate,0.2,0.98,0,0,100,62978.42,6.06,7.37,4.93,1.89,0.23,0.27,1.89,2.47,0.22,0.45,-0.45,195.83,0.44,0.73,5.94,0.45,0.71,0.04,2.53,118.29,6.12,0.082,113.12,05-03-2002,NA,No Load,1000,1000,12,100,0,7.06,High,High,synthetic_dummy_not_investment_advice
1061,Aditya Birla Sun Life Money Market Fund - Direct Growth,Aditya Birla Sun Life MF,Debt,Money Market,Direct Growth,CRISIL Money Market Index,Low to Moderate,1,1.39,0,0,5000,20269.16,6.29,4.97,6.79,1.44,0.91,0.25,1.44,2.76,0.26,0.36,-0.36,46.39,0.4,-0.04,1.23,0.36,0.3,3.31,0.4,101.06,7.98,0.116,118.73,25-09-2016,NA,No Load,100,100,12,500,500,7.84,High,Above Average,synthetic_dummy_not_investment_advice
1062,HDFC Money Market Fund - Direct Growth,HDFC MF,Debt,Money Market,Direct Growth,CRISIL Money Market Index,Low to Moderate,1,1.54,0,0,1000,51426.83,8.25,4.06,4.83,0.9,1.04,0.34,4.15,2.16,0.44,0.6,-0.13,88.12,0.8,0.53,3.44,0.6,0.14,3.28,4.1,90.84,7.79,0.128,57.37,23-06-2001,NA,No Load,1000,1000,12,1000,1000,4.72,Average,Above Average,synthetic_dummy_not_investment_advice
1063,Motilal Oswal Money Market Fund - Direct Growth,Motilal Oswal MF,Debt,Money Market,Direct Growth,CRISIL Money Market Index,Low to Moderate,1,0.94,0,0,5000,26879.1,7.3,4.34,6.47,1.4,0.85,0.15,2.88,1.84,0.5,0.68,-0.33,144.88,0.74,-0.17,1.71,0.68,0.8,2.85,0.41,119.7,5.46,0.078,129.54,01-05-2008,NA,No Load,500,1000,12,500,500,6.72,Low,Low,synthetic_dummy_not_investment_advice
1064,HDFC Money Market Fund - Direct Growth,HDFC MF,Debt,Money Market,Direct Growth,CRISIL Money Market Index,Low to Moderate,1,0.66,0,0,100,29268.63,4.85,5.52,4.56,1.23,0.31,0.22,0.69,1.42,0.22,0.49,-0.87,130.33,0.4,0.43,2.01,0.49,0.3,1.97,0.32,95.41,6.3,0.055,78.69,21-11-2010,NA,No Load,1000,100,12,500,0,6.29,Above Average,High,synthetic_dummy_not_investment_advice
1065,DSP Money Market Fund - Direct Growth,DSP MF,Debt,Money Market,Direct Growth,CRISIL Money Market Index,Low to Moderate,1,1.58,0,0,1000,15303.61,5.46,6.78,5.96,0.93,0.19,0.29,0.89,2.71,0.33,0.6,-0.63,287.26,0.78,0.82,0.9,0.6,0.58,0.97,1.88,92.83,7.45,0.132,73.76,11-11-2017,NA,No Load,100,1000,6,1000,1000,7.87,Below Average,High,synthetic_dummy_not_investment_advice
1066,HDFC Ultra Short Duration Fund - Direct Growth,HDFC MF,Debt,Ultra Short Duration,Direct Growth,CRISIL Ultra Short Duration Debt Index,Low to Moderate,0.5,1.64,365,0,5000,36098.83,8.84,6.81,7.25,1.18,0.45,0.17,2.55,2.01,0.79,1.23,-0.57,92.29,0.68,0.55,4.76,1.23,1.19,4.57,0.66,82.96,5.74,0.137,121.32,21-05-2024,NA,Exit load before 365 days,1000,1000,6,1000,1000,4.15,Above Average,Average,synthetic_dummy_not_investment_advice
1067,Motilal Oswal Ultra Short Duration Fund - Direct Growth,Motilal Oswal MF,Debt,Ultra Short Duration,Direct Growth,CRISIL Ultra Short Duration Debt Index,Low to Moderate,0.5,0.4,30,0,100,31373.36,6.28,4.83,5.93,0.71,0.37,0.22,0.7,1.72,0.53,0.94,-0.96,272.6,0.64,0.33,2.14,0.94,0.95,2.19,4.18,80.98,5.96,0.033,57.55,17-08-2015,NA,Exit load before 30 days,100,100,12,1000,0,5.25,Below Average,Below Average,synthetic_dummy_not_investment_advice
1068,UTI Ultra Short Duration Fund - Direct Growth,UTI MF,Debt,Ultra Short Duration,Direct Growth,CRISIL Ultra Short Duration Debt Index,Low to Moderate,0.5,0.55,0,0,100,21092.36,5.63,5.83,5.05,1.06,0.69,0.11,1.47,1.64,0.69,1.21,-0.87,260.71,0.79,0.27,2.63,1.21,1.73,2.64,3.83,80.18,6.79,0.046,111.98,31-01-2024,NA,No Load,1000,500,12,500,1000,4.75,Below Average,Average,synthetic_dummy_not_investment_advice
1069,Bandhan Ultra Short Duration Fund - Direct Growth,Bandhan MF,Debt,Ultra Short Duration,Direct Growth,CRISIL Ultra Short Duration Debt Index,Low to Moderate,0.5,0.49,30,0,1000,12764.85,7.1,7.46,7.81,1.04,0.59,0.17,0.48,1.22,0.5,0.8,-1.75,153.83,0.59,0.36,5.52,0.8,0.97,0.98,2.3,117.23,6.68,0.041,119.29,10-02-2014,NA,Exit load before 30 days,100,1000,12,500,1000,7.37,Above Average,Above Average,synthetic_dummy_not_investment_advice
1070,SBI Ultra Short Duration Fund - Direct Growth,SBI MF,Debt,Ultra Short Duration,Direct Growth,CRISIL Ultra Short Duration Debt Index,Low to Moderate,0.5,1.64,365,0,100,40790.64,6.13,6.94,6.61,1.58,0.55,0.28,0.7,1.76,0.45,0.66,-1.48,178.41,0.61,0.4,1.68,0.66,0.5,4.37,0.19,101.72,5.79,0.137,155.88,04-07-2024,NA,Exit load before 365 days,1000,500,6,100,0,4.87,High,Average,synthetic_dummy_not_investment_advice
1071,Canara Robeco Short Duration Fund - Direct Growth,Canara Robeco MF,Debt,Short Duration,Direct Growth,CRISIL Short Duration Debt Index,Moderate,1.5,1.51,0,0,500,61194.01,4.63,7.46,5,1.12,0.6,0.21,1.29,1.86,1.13,2.25,-1.95,342.86,0.5,0.4,5.72,2.25,2.42,5.14,5.57,100.58,7.03,0.126,90.66,09-06-2012,NA,No Load,500,1000,12,500,500,7.47,Low,Low,synthetic_dummy_not_investment_advice
1072,Aditya Birla Sun Life Short Duration Fund - Direct Growth,Aditya Birla Sun Life MF,Debt,Short Duration,Direct Growth,CRISIL Short Duration Debt Index,Moderate,1.5,1.4,90,0,1000,37255.21,6.83,5.94,5.37,0.95,1.16,0.08,2.36,1.56,1.51,2.36,-0.95,247.08,0.78,0.64,2.45,2.36,2.37,1.24,1.6,118.73,7.35,0.117,85.43,20-07-2024,NA,Exit load before 90 days,500,100,12,500,0,6.31,Above Average,Below Average,synthetic_dummy_not_investment_advice
1073,Franklin Templeton Short Duration Fund - Direct Growth,Franklin Templeton MF,Debt,Short Duration,Direct Growth,CRISIL Short Duration Debt Index,Moderate,1.5,1.24,30,0,5000,381.15,6.23,4.03,5.37,0.66,1.06,0.16,0.42,1.16,0.99,1.98,-3.1,144.76,0.5,0.53,1.48,1.98,1.24,5.3,5.16,106.22,6.43,0.103,45.07,22-02-2010,NA,Exit load before 30 days,100,1000,6,100,500,6.08,Average,Average,synthetic_dummy_not_investment_advice
1074,SBI Short Duration Fund - Direct Growth,SBI MF,Debt,Short Duration,Direct Growth,CRISIL Short Duration Debt Index,Moderate,1.5,1.51,365,0,100,10758.98,5.57,4.56,5.11,1.14,0.23,0.1,1.15,1.48,0.93,1.81,-1.8,264.41,0.81,0.45,2.71,1.81,1.17,3.77,4.6,88.69,6.82,0.126,141.32,08-10-2015,NA,Exit load before 365 days,1000,1000,12,100,1000,7.85,High,High,synthetic_dummy_not_investment_advice
1075,Nippon India Short Duration Fund - Direct Growth,Nippon India MF,Debt,Short Duration,Direct Growth,CRISIL Short Duration Debt Index,Moderate,1.5,1.42,0,0,500,31738.51,4.07,4.86,7.69,1.15,0.66,0.12,0.54,1.83,0.58,1.23,-2.61,312.17,0.36,0.18,1.97,1.23,2.9,2.99,2.72,95.47,7.14,0.118,139.24,30-09-2000,NA,No Load,500,1000,12,100,1000,6.35,High,High,synthetic_dummy_not_investment_advice
1076,DSP Corporate Bond Fund - Direct Growth,DSP MF,Debt,Corporate Bond,Direct Growth,CRISIL Corporate Bond Composite Index,Moderate,2,0.58,365,0,5000,18562.64,7.71,6.96,4.48,0.53,0.58,0.15,0.36,1.9,2,2.95,-4.32,230.95,0.67,0.13,2.68,2.95,2.42,4.51,1.98,118.14,7.86,0.048,96.53,20-06-2002,NA,Exit load before 365 days,100,100,12,100,1000,5.24,Average,Low,synthetic_dummy_not_investment_advice
1077,Motilal Oswal Corporate Bond Fund - Direct Growth,Motilal Oswal MF,Debt,Corporate Bond,Direct Growth,CRISIL Corporate Bond Composite Index,Moderate,2,1.05,0,0,500,54291.54,4.06,4.18,5.46,1.22,0.38,0.07,1.2,1.42,1.35,2.42,-2.46,179.87,0.63,0.19,1.61,2.42,2.84,1.89,6.76,84.12,5.11,0.088,145.55,22-12-2001,NA,No Load,1000,100,12,100,500,7.43,Average,Average,synthetic_dummy_not_investment_advice
1078,Canara Robeco Corporate Bond Fund - Direct Growth,Canara Robeco MF,Debt,Corporate Bond,Direct Growth,CRISIL Corporate Bond Composite Index,Moderate,2,0.77,30,0,1000,22082.15,8.86,7.99,7.1,0.56,0.3,0.06,0.3,0.9,1.03,1.45,-2.73,304.45,0.74,0.13,0.61,1.45,2.46,3.73,5.78,98.27,5.45,0.064,168.17,22-10-2020,NA,Exit load before 30 days,1000,100,12,1000,1000,5.47,Low,Average,synthetic_dummy_not_investment_advice
1079,HDFC Corporate Bond Fund - Direct Growth,HDFC MF,Debt,Corporate Bond,Direct Growth,CRISIL Corporate Bond Composite Index,Moderate,2,1.61,30,0,100,6642.21,6.84,5.74,7.86,0.55,0.77,0.35,0.23,1.01,0.95,1.98,-4.74,323.23,0.8,0.35,4.23,1.98,1.47,2.3,2.89,94.9,7.4,0.134,127.63,09-09-2017,NA,Exit load before 30 days,1000,500,12,500,0,4.3,Low,Below Average,synthetic_dummy_not_investment_advice
1080,SBI Corporate Bond Fund - Direct Growth,SBI MF,Debt,Corporate Bond,Direct Growth,CRISIL Corporate Bond Composite Index,Moderate,2,1.09,0,0,1000,16362.05,5.98,4.2,5.2,0.55,0.38,0.28,0.2,1.11,0.73,1.24,-3.42,299.84,0.4,0.65,1.89,1.24,2.64,1.87,6.71,108.19,7.56,0.091,102.29,18-02-2011,NA,No Load,100,100,12,100,0,7.87,Low,Low,synthetic_dummy_not_investment_advice
1081,HDFC Banking & PSU Debt Fund - Direct Growth,HDFC MF,Debt,Banking & PSU,Direct Growth,CRISIL Banking and PSU Debt Index,Moderate,2,1.44,365,0,100,60723.87,6.87,7.29,5.58,0.65,1.08,0.23,0.43,1.61,1.45,3.06,-4.63,349.03,0.45,0.48,4.87,3.06,1.06,4.42,2.04,83.68,5.64,0.12,37.75,09-04-2002,NA,Exit load before 365 days,100,500,6,100,1000,4.67,High,High,synthetic_dummy_not_investment_advice
1082,Nippon India Banking & PSU Debt Fund - Direct Growth,Nippon India MF,Debt,Banking & PSU,Direct Growth,CRISIL Banking and PSU Debt Index,Moderate,2,0.75,90,0,5000,40975.48,4.13,6.39,4.12,0.86,1.03,0.11,0.32,1.15,0.98,1.62,-4.4,224.46,0.75,0.63,5.94,1.62,2.62,2.4,5.85,111.28,6.42,0.062,67.55,03-06-2017,NA,Exit load before 90 days,500,100,6,100,1000,5.08,Below Average,Average,synthetic_dummy_not_investment_advice
1083,UTI Banking & PSU Debt Fund - Direct Growth,UTI MF,Debt,Banking & PSU,Direct Growth,CRISIL Banking and PSU Debt Index,Moderate,2,1.04,90,0,500,10915.04,4.45,4.93,4.88,1.03,0.05,0.1,4.92,1.47,1.67,3.06,-0.64,260.96,0.53,0.42,4.25,3.06,2.05,1,6.51,94.07,5.6,0.087,27.84,16-11-2007,NA,Exit load before 90 days,500,500,6,100,0,5.96,High,Below Average,synthetic_dummy_not_investment_advice
1084,Motilal Oswal Banking & PSU Debt Fund - Direct Growth,Motilal Oswal MF,Debt,Banking & PSU,Direct Growth,CRISIL Banking and PSU Debt Index,Moderate,2,1.61,30,0,1000,52108.96,7.44,4.51,6.92,1.41,-0.1,0.14,0.58,1.93,0.93,1.87,-4.56,332.56,0.75,0.81,3.93,1.87,2.9,5.74,3.35,86.97,7.98,0.134,173.91,21-12-2016,NA,Exit load before 30 days,100,100,12,1000,0,5.23,High,Low,synthetic_dummy_not_investment_advice
1085,Bandhan Banking & PSU Debt Fund - Direct Growth,Bandhan MF,Debt,Banking & PSU,Direct Growth,CRISIL Banking and PSU Debt Index,Moderate,2,0.74,365,0,100,59090.39,8.85,7.54,5.97,0.78,0.93,0.34,0.6,1.18,1.11,1.7,-2.2,257.96,0.52,-0.19,1.34,1.7,1.76,3.73,1.61,107.73,6.44,0.062,156.21,28-08-2019,NA,Exit load before 365 days,100,100,12,100,0,6.93,Average,Low,synthetic_dummy_not_investment_advice
1086,Kotak Gilt Fund - Direct Growth,Kotak MF,Debt,Gilt,Direct Growth,CRISIL Dynamic Gilt Index,Moderate,3,1.5,30,0,100,12035.65,6.77,7.7,6.16,0.42,-0.16,0.32,0.46,1.06,3.18,5.06,-4.62,218.64,0.59,-0.17,5.66,5.06,3.98,3.78,2.67,86.6,6.18,0.125,101.19,09-07-2008,NA,Exit load before 30 days,500,100,6,500,0,5.64,Above Average,Low,synthetic_dummy_not_investment_advice
1087,Axis Gilt Fund - Direct Growth,Axis MF,Debt,Gilt,Direct Growth,CRISIL Dynamic Gilt Index,Moderate,3,0.78,365,0,100,14237.75,8.19,6.26,4.6,0.45,0.88,0.08,0.51,1.41,3.5,5.92,-5.21,314.26,0.48,0.47,2.39,5.92,4.09,2.58,6.68,94.84,7.42,0.065,77.45,10-11-2020,NA,Exit load before 365 days,500,1000,6,500,1000,5.05,Above Average,High,synthetic_dummy_not_investment_advice
1088,Tata Gilt Fund - Direct Growth,Tata MF,Debt,Gilt,Direct Growth,CRISIL Dynamic Gilt Index,Moderate,3,1.61,365,0,500,60692.02,6.18,7.99,6.51,0.83,0.9,0.32,0.83,1.77,3.27,5,-4.98,220.89,0.41,0.6,1.12,5,4.5,3.55,8.38,119.37,7.74,0.134,16.73,07-07-2003,NA,Exit load before 365 days,100,1000,12,1000,500,7.95,Average,High,synthetic_dummy_not_investment_advice
1089,Mirae Asset Gilt Fund - Direct Growth,Mirae Asset MF,Debt,Gilt,Direct Growth,CRISIL Dynamic Gilt Index,Moderate,3,1.17,30,0,5000,43030.14,7.09,6.72,5.61,0.46,-0.14,0.08,1.63,1.31,3.1,4.54,-1.28,277.15,0.78,0.72,5.28,4.54,3.19,7.27,6.83,90.57,5.15,0.097,88.16,09-05-2012,NA,Exit load before 30 days,100,500,6,500,500,5.61,Average,Average,synthetic_dummy_not_investment_advice
1090,Canara Robeco Gilt Fund - Direct Growth,Canara Robeco MF,Debt,Gilt,Direct Growth,CRISIL Dynamic Gilt Index,Moderate,3,0.97,30,0,100,28231.09,6.53,4.54,7.41,1.32,0.79,0.15,2.4,1.5,3.22,5.1,-2.81,40.36,0.57,0.76,2.5,5.1,4.64,2.17,3.35,99.38,7.5,0.081,151.47,11-12-2002,NA,Exit load before 30 days,1000,100,12,100,500,5.24,Below Average,Average,synthetic_dummy_not_investment_advice
1091,Kotak Dynamic Bond Fund - Direct Growth,Kotak MF,Debt,Dynamic Bond,Direct Growth,CRISIL Composite Bond Fund Index,Moderate,3,0.65,30,0,500,29176.46,7.39,5.08,5.64,1.02,1.01,0.1,0.91,1.16,2.14,3.42,-3.84,128.92,0.43,0.74,4.52,3.42,2.06,6.68,7.37,107.55,5.03,0.054,164.52,05-12-2009,NA,Exit load before 30 days,1000,1000,6,100,500,6.59,High,Average,synthetic_dummy_not_investment_advice
1092,Franklin Templeton Dynamic Bond Fund - Direct Growth,Franklin Templeton MF,Debt,Dynamic Bond,Direct Growth,CRISIL Composite Bond Fund Index,Moderate,3,1.08,0,0,100,21415.96,7.2,7.45,5.04,1.29,0.64,0.21,0.62,1.69,1.77,2.83,-5.88,12.5,0.85,0.81,5.05,2.83,4.13,7.35,4.09,102.46,5.45,0.09,138.96,31-01-2015,NA,No Load,500,1000,12,1000,500,7.95,Below Average,Low,synthetic_dummy_not_investment_advice
1093,Tata Dynamic Bond Fund - Direct Growth,Tata MF,Debt,Dynamic Bond,Direct Growth,CRISIL Composite Bond Fund Index,Moderate,3,0.96,0,0,500,63452.82,5.29,7.23,7.05,0.62,-0.02,0.22,0.43,1.07,1.42,2.13,-3.04,85.6,0.62,0.62,5.45,2.13,2.55,6.08,4.35,106.87,5.27,0.08,67.17,12-02-2021,NA,No Load,500,500,12,500,500,4.51,High,Average,synthetic_dummy_not_investment_advice
1094,Mirae Asset Dynamic Bond Fund - Direct Growth,Mirae Asset MF,Debt,Dynamic Bond,Direct Growth,CRISIL Composite Bond Fund Index,Moderate,3,0.73,90,0,5000,74043.21,6.44,6.52,4.71,0.41,-0.12,0.11,0.38,1.33,2.85,4.36,-4.69,190.15,0.56,0.71,0.99,4.36,3.9,2.03,3.91,119.69,7.28,0.061,34.51,02-02-2008,NA,Exit load before 90 days,100,500,6,100,1000,7.12,Above Average,Above Average,synthetic_dummy_not_investment_advice
1095,Aditya Birla Sun Life Dynamic Bond Fund - Direct Growth,Aditya Birla Sun Life MF,Debt,Dynamic Bond,Direct Growth,CRISIL Composite Bond Fund Index,Moderate,3,0.43,0,0,1000,28951.22,5.45,6.91,6.39,0.75,0.95,0.15,0.32,0.86,1.73,3.42,-7.9,240.09,0.66,0.06,4.19,3.42,3.01,7.33,8.97,93.77,6.03,0.036,162.74,19-01-2002,NA,No Load,100,100,6,500,0,5.19,Below Average,Below Average,synthetic_dummy_not_investment_advice
1096,Franklin Templeton Conservative Hybrid Fund - Direct Growth,Franklin Templeton MF,Hybrid,Conservative Hybrid,Direct Growth,CRISIL Hybrid 85+15 Conservative Index,Moderately High,3,0.28,365,0,5000,51824.31,6.37,10.76,17.73,1,5.01,0.86,0.67,1.31,3.6,6.83,-10.19,191.81,0.37,0.84,4.01,6.83,6.52,6.11,9.29,106.14,2.98,0.023,52.25,17-07-2005,Small Growth,Exit load before 365 days,500,1000,6,500,0,12.11,High,High,synthetic_dummy_not_investment_advice
1097,ICICI Prudential Conservative Hybrid Fund - Direct Growth,ICICI Prudential MF,Hybrid,Conservative Hybrid,Direct Growth,CRISIL Hybrid 85+15 Conservative Index,Moderately High,3,0.58,365,0,100,1252.38,7.9,9.35,18.13,1.04,0.86,1.19,1.15,1.31,5.09,8.89,-8.02,64.53,0.62,0.76,4.16,8.89,7.62,8.51,7.65,99.23,4.4,0.048,51.22,09-09-2006,Large Blend,Exit load before 365 days,100,100,6,100,500,17.34,Average,Average,synthetic_dummy_not_investment_advice
1098,Aditya Birla Sun Life Conservative Hybrid Fund - Direct Growth,Aditya Birla Sun Life MF,Hybrid,Conservative Hybrid,Direct Growth,CRISIL Hybrid 85+15 Conservative Index,Moderately High,3,0.81,365,0,5000,34403.44,7.98,10.04,17.75,1.09,5.16,0.97,0.61,1.5,4.19,5.69,-10.23,101.23,0.72,0.19,2.12,5.69,4.23,10.6,5.28,84.55,1.87,0.068,108.38,01-12-2018,NA,Exit load before 365 days,1000,1000,12,100,1000,13.44,Above Average,Average,synthetic_dummy_not_investment_advice
1099,DSP Conservative Hybrid Fund - Direct Growth,DSP MF,Hybrid,Conservative Hybrid,Direct Growth,CRISIL Hybrid 85+15 Conservative Index,Moderately High,3,1.47,30,0,100,39076.75,7.38,14.93,19.75,0.81,-1.9,1.08,0.34,1.5,5.12,7.2,-17.24,188.44,0.72,0.56,1.42,7.2,6.23,10.91,4.44,118.23,2.9,0.122,32.46,13-08-2021,NA,Exit load before 30 days,500,500,12,100,0,9.49,Above Average,Average,synthetic_dummy_not_investment_advice
1100,Nippon India Conservative Hybrid Fund - Direct Growth,Nippon India MF,Hybrid,Conservative Hybrid,Direct Growth,CRISIL Hybrid 85+15 Conservative Index,Moderately High,3,0.39,90,0,100,31101.69,7.27,16.21,12.77,0.49,4.41,1.01,0.23,1.28,4.1,7.02,-15.18,301.24,0.57,-0.08,3.03,7.02,7.3,9.72,10.75,106.13,1.49,0.033,139.3,20-10-2022,Small Growth,Exit load before 90 days,100,500,12,1000,500,12.31,Low,Low,synthetic_dummy_not_investment_advice
1101,Motilal Oswal Aggressive Hybrid Fund - Direct Growth,Motilal Oswal MF,Hybrid,Aggressive Hybrid,Direct Growth,CRISIL Hybrid 35+65 Aggressive Index,Very High,5,0.51,365,0,5000,69787.15,4.54,15.46,20.97,0.79,-1.63,1.1,0.38,1.67,5.87,11.75,-24.52,57.75,0.71,0.56,0.73,11.75,12.19,12.71,14.95,104.43,2.03,0.043,120.23,19-07-2008,Small Growth,Exit load before 365 days,100,100,12,100,1000,14.32,Low,High,synthetic_dummy_not_investment_advice
1102,Bandhan Aggressive Hybrid Fund - Direct Growth,Bandhan MF,Hybrid,Aggressive Hybrid,Direct Growth,CRISIL Hybrid 35+65 Aggressive Index,Very High,5,1.22,90,0,5000,18843.44,4.69,18.85,20.41,1.2,-1.17,1.14,0.53,1.61,9.16,14.15,-32.18,216.09,0.51,0.73,2.57,14.15,10.56,14.74,12.93,104.36,1.41,0.102,133.94,24-04-2020,Small Growth,Exit load before 90 days,500,1000,6,100,0,15.46,High,Average,synthetic_dummy_not_investment_advice
1103,Tata Aggressive Hybrid Fund - Direct Growth,Tata MF,Hybrid,Aggressive Hybrid,Direct Growth,CRISIL Hybrid 35+65 Aggressive Index,Very High,5,1.43,0,0,5000,21658.82,4.27,9.02,11.74,1.24,-1.08,0.96,0.78,1.66,7.23,13.02,-20.73,173.33,0.64,0.5,2.56,13.02,11.93,15.87,14.15,109.91,0.66,0.119,15.86,18-02-2001,NA,No Load,100,500,6,1000,0,9.95,Average,Above Average,synthetic_dummy_not_investment_advice
1104,ICICI Prudential Aggressive Hybrid Fund - Direct Growth,ICICI Prudential MF,Hybrid,Aggressive Hybrid,Direct Growth,CRISIL Hybrid 35+65 Aggressive Index,Very High,5,1.12,90,0,5000,58635.09,4.98,21.05,10.71,0.72,1.1,1.17,0.4,1.51,8.65,11.73,-21.38,341.78,0.51,0.38,0.18,11.73,10.24,15.87,8.67,90.05,4.33,0.093,133.64,08-07-2024,Large Blend,Exit load before 90 days,100,500,6,500,500,14.6,High,Average,synthetic_dummy_not_investment_advice
1105,SBI Aggressive Hybrid Fund - Direct Growth,SBI MF,Hybrid,Aggressive Hybrid,Direct Growth,CRISIL Hybrid 35+65 Aggressive Index,Very High,5,1.24,0,0,500,39547.01,6.72,15.26,12.89,0.55,4.19,1.06,0.36,1.64,6.53,10.24,-15.57,296.67,0.5,0.63,3.35,10.24,12.42,13.31,10.98,82.92,1.32,0.103,171.3,29-08-2022,Small Growth,No Load,1000,1000,12,1000,1000,7.07,Low,Low,synthetic_dummy_not_investment_advice
1106,Tata Balanced Advantage Fund - Direct Growth,Tata MF,Hybrid,Balanced Advantage,Direct Growth,NIFTY 50 Hybrid Composite Debt 50:50 Index,High,4,1.33,0,0,5000,38718.89,4.96,17.25,21.27,0.67,1.05,1.16,0.2,1.53,6,8.71,-29.2,48.55,0.48,0.56,0.25,8.71,7,14.61,11.38,100.67,0.03,0.111,16.46,18-04-2013,Multi-cap Blend,No Load,500,1000,6,1000,500,16.68,Low,Below Average,synthetic_dummy_not_investment_advice
1107,UTI Balanced Advantage Fund - Direct Growth,UTI MF,Hybrid,Balanced Advantage,Direct Growth,NIFTY 50 Hybrid Composite Debt 50:50 Index,High,4,0.86,0,0,100,1561.76,6.93,20.62,9.02,1.02,4.35,0.87,0.34,1.17,5.75,9.32,-28.25,205.49,0.46,0.07,2.39,9.32,11.57,6.96,13.87,105.21,1.36,0.072,20.14,02-11-2002,NA,No Load,1000,500,12,500,1000,14.83,Low,Above Average,synthetic_dummy_not_investment_advice
1108,SBI Balanced Advantage Fund - Direct Growth,SBI MF,Hybrid,Balanced Advantage,Direct Growth,NIFTY 50 Hybrid Composite Debt 50:50 Index,High,4,0.45,0,0,5000,3420.45,7.71,21.07,10.96,1.02,5.1,0.95,0.53,1.47,6.7,9.06,-17.32,304.83,0.67,0.81,0.17,9.06,11.43,13.66,7.42,114.99,0.83,0.037,112.95,01-09-2013,Large Value,No Load,1000,100,6,100,1000,7.73,High,Low,synthetic_dummy_not_investment_advice
1109,Canara Robeco Balanced Advantage Fund - Direct Growth,Canara Robeco MF,Hybrid,Balanced Advantage,Direct Growth,NIFTY 50 Hybrid Composite Debt 50:50 Index,High,4,1.11,90,0,500,23133.96,4.84,13.64,19,0.7,-0.97,0.97,0.42,0.83,7.81,12.08,-20.26,44.02,0.66,0.75,1.97,12.08,10.27,11.77,8.77,98.03,1.62,0.093,123.93,10-03-2014,Large Value,Exit load before 90 days,1000,500,12,500,500,17.46,Average,Above Average,synthetic_dummy_not_investment_advice
1110,UTI Balanced Advantage Fund - Direct Growth,UTI MF,Hybrid,Balanced Advantage,Direct Growth,NIFTY 50 Hybrid Composite Debt 50:50 Index,High,4,1.06,90,0,500,57759.26,6.7,19.77,10.08,0.95,3.87,0.92,1,1.08,8.16,12.79,-12.17,257.32,0.8,0.69,3.83,12.79,8.35,14.02,11.9,112.51,3.86,0.088,28.43,18-05-2024,Small Growth,Exit load before 90 days,100,1000,6,500,500,16.62,High,Low,synthetic_dummy_not_investment_advice
1111,Tata Multi Asset Allocation Fund - Direct Growth,Tata MF,Hybrid,Multi Asset Allocation,Direct Growth,Nifty Multi Asset Index,High,4,0.58,365,0,1000,50243.34,4.2,19.67,9.45,0.98,-0.83,1.16,0.61,1.13,6.96,10.4,-16.68,329.32,0.37,0.6,1.47,10.4,10.81,10.7,7.73,90.57,3.34,0.048,106.26,23-05-2020,Small Growth,Exit load before 365 days,500,100,12,1000,500,16.46,Average,High,synthetic_dummy_not_investment_advice
1112,Tata Multi Asset Allocation Fund - Direct Growth,Tata MF,Hybrid,Multi Asset Allocation,Direct Growth,Nifty Multi Asset Index,High,4,0.55,0,0,1000,14261.85,5.65,10.04,17.45,0.71,1.86,1.02,0.61,1.13,5.76,9.12,-10.65,180.62,0.42,-0.03,0.55,9.12,7.87,10.32,11.47,105.74,1.85,0.046,47.64,01-05-2010,Large Growth,No Load,1000,1000,6,100,1000,10.39,High,Low,synthetic_dummy_not_investment_advice
1113,Bandhan Multi Asset Allocation Fund - Direct Growth,Bandhan MF,Hybrid,Multi Asset Allocation,Direct Growth,Nifty Multi Asset Index,High,4,0.92,30,0,5000,16686.48,6.55,11.02,17.6,0.57,5.03,1.07,0.62,1.09,6.3,9.43,-8.62,289.24,0.82,0.03,3.68,9.43,10.53,10.37,5.69,98.86,1.7,0.077,28.14,27-02-2008,Large Blend,Exit load before 30 days,1000,100,12,100,1000,13.1,Low,Below Average,synthetic_dummy_not_investment_advice
1114,Mirae Asset Multi Asset Allocation Fund - Direct Growth,Mirae Asset MF,Hybrid,Multi Asset Allocation,Direct Growth,Nifty Multi Asset Index,High,4,0.92,0,0,1000,57719.77,6.39,12.19,20.03,0.52,3.43,1.18,0.19,1.42,5.93,10.24,-27.98,153.03,0.79,0.53,2.63,10.24,6.7,12.89,9.09,117.54,0.85,0.077,129.1,01-02-2019,NA,No Load,1000,100,6,1000,0,6.74,Above Average,Below Average,synthetic_dummy_not_investment_advice
1115,Franklin Templeton Multi Asset Allocation Fund - Direct Growth,Franklin Templeton MF,Hybrid,Multi Asset Allocation,Direct Growth,Nifty Multi Asset Index,High,4,0.77,90,0,1000,41751.88,8.27,19.87,18.47,0.7,0.93,1,0.55,1.2,4.54,8.52,-10.9,241.41,0.73,0.23,4.72,8.52,7.68,11.29,6.62,99.3,0.97,0.064,75.1,09-11-2017,Large Value,Exit load before 90 days,500,1000,6,100,500,14.57,Low,Low,synthetic_dummy_not_investment_advice
1116,Canara Robeco Equity Savings Fund - Direct Growth,Canara Robeco MF,Hybrid,Equity Savings,Direct Growth,Nifty Equity Savings Index,Moderately High,3,1.4,30,0,5000,48129.76,4.17,18.79,15.22,1.05,1.07,0.86,0.38,1.3,4.55,6.11,-17.04,218.75,0.61,0.55,3.63,6.11,4.93,5.19,4.29,117.83,1.08,0.117,5.05,30-03-2023,Large Growth,Exit load before 30 days,100,100,12,500,500,8.72,Above Average,Above Average,synthetic_dummy_not_investment_advice
1117,DSP Equity Savings Fund - Direct Growth,DSP MF,Hybrid,Equity Savings,Direct Growth,Nifty Equity Savings Index,Moderately High,3,0.62,0,0,100,30712.96,8.74,22.45,21.39,0.93,0.78,1.17,0.74,1.05,4.74,6.42,-8.04,104.01,0.65,0,5.59,6.42,7.5,9.69,8.6,103,3.12,0.052,174.06,27-07-2022,Small Growth,No Load,1000,500,6,500,500,8.83,Above Average,High,synthetic_dummy_not_investment_advice
1118,Canara Robeco Equity Savings Fund - Direct Growth,Canara Robeco MF,Hybrid,Equity Savings,Direct Growth,Nifty Equity Savings Index,Moderately High,3,1.19,30,0,100,61634.28,5.09,18.33,10.56,0.53,0.53,0.93,0.53,1.19,7.34,9.97,-9.88,185.61,0.35,0.67,1.56,9.97,6.98,10.51,5.52,83.72,3.32,0.099,46.1,17-05-2021,Large Growth,Exit load before 30 days,1000,500,6,100,0,9.08,Below Average,High,synthetic_dummy_not_investment_advice
1119,Kotak Equity Savings Fund - Direct Growth,Kotak MF,Hybrid,Equity Savings,Direct Growth,Nifty Equity Savings Index,Moderately High,3,0.63,30,0,1000,13960.53,8,16.61,15.57,0.53,5.66,1.15,0.22,1.46,5.25,7.46,-17.92,136.21,0.51,0.74,5.3,7.46,6.01,6.76,9.49,102.98,0.79,0.052,175.89,02-10-2005,Multi-cap Blend,Exit load before 30 days,500,1000,12,500,1000,5.7,Low,Low,synthetic_dummy_not_investment_advice
1120,Tata Equity Savings Fund - Direct Growth,Tata MF,Hybrid,Equity Savings,Direct Growth,Nifty Equity Savings Index,Moderately High,3,1.45,30,0,500,21188.33,7.6,22.47,15.77,0.83,1.77,0.93,0.46,1.17,3.99,6.3,-11.42,134.41,0.6,0.02,4.23,6.3,7.43,5.37,10.4,94.89,3.32,0.121,87.77,02-04-2010,Large Blend,Exit load before 30 days,1000,100,12,500,0,15.58,High,High,synthetic_dummy_not_investment_advice
1121,Franklin Templeton Arbitrage Fund - Direct Growth,Franklin Templeton MF,Hybrid,Arbitrage,Direct Growth,Nifty 50 Arbitrage Index,Low to Moderate,0.5,1.55,0,0,100,19551.3,8.82,11.58,16.06,0.9,4.51,0.87,1.27,1.58,0.76,1.28,-0.91,224.15,0.57,0.15,2.23,1.28,1.3,0.87,4.68,102.41,1.6,0.129,122.81,01-10-2015,Mid Growth,No Load,500,1000,12,100,500,16.28,High,Average,synthetic_dummy_not_investment_advice
1122,Mirae Asset Arbitrage Fund - Direct Growth,Mirae Asset MF,Hybrid,Arbitrage,Direct Growth,Nifty 50 Arbitrage Index,Low to Moderate,0.5,1.49,365,0,1000,58638.76,8.27,10.25,11.28,1.24,-1.37,1.17,1.21,1.66,0.85,1.53,-1.57,116.58,0.68,0.55,3.67,1.53,0.5,3.72,4.5,95.82,0.95,0.124,74.48,27-07-2018,Large Blend,Exit load before 365 days,1000,100,12,1000,0,7.18,Low,Above Average,synthetic_dummy_not_investment_advice
1123,UTI Arbitrage Fund - Direct Growth,UTI MF,Hybrid,Arbitrage,Direct Growth,Nifty 50 Arbitrage Index,Low to Moderate,0.5,0.71,365,0,1000,35868.76,7.49,11.19,16.37,0.86,0.27,0.94,0.89,1.69,1.19,1.86,-1.79,54.63,0.77,-0.17,4.01,1.86,1.26,3.18,3.38,114.41,2.36,0.059,116.92,22-01-2006,Large Value,Exit load before 365 days,1000,500,12,1000,0,17.6,Low,Above Average,synthetic_dummy_not_investment_advice
1124,Axis Arbitrage Fund - Direct Growth,Axis MF,Hybrid,Arbitrage,Direct Growth,Nifty 50 Arbitrage Index,Low to Moderate,0.5,0.66,90,0,100,17571.79,6.8,15.11,10.29,0.86,1.75,0.97,2.78,1.07,0.81,1.78,-0.55,323.51,0.82,0.3,0.15,1.78,1.47,1.95,2.27,97.22,1.18,0.055,78.89,16-06-2008,Large Growth,Exit load before 90 days,1000,1000,12,500,1000,10.35,High,Average,synthetic_dummy_not_investment_advice
1125,Aditya Birla Sun Life Arbitrage Fund - Direct Growth,Aditya Birla Sun Life MF,Hybrid,Arbitrage,Direct Growth,Nifty 50 Arbitrage Index,Low to Moderate,0.5,1.25,30,0,500,54614.9,5.71,13.61,19.19,0.78,-0.5,1.07,0.64,1.66,0.7,1.54,-1.87,26.87,0.62,0,0.7,1.54,2,2.32,4.75,90.77,1.49,0.104,152.62,29-08-2000,Large Growth,Exit load before 30 days,100,100,12,500,0,11.42,High,Above Average,synthetic_dummy_not_investment_advice
1126,SBI Gold Fund - Direct Growth,SBI MF,Commodity,Gold ETF/Fund of Fund,Direct Growth,Domestic Price of Gold,High,3,0.59,30,0,1000,51203.74,16.98,4.49,5.92,0.82,1.54,0.28,0.78,1.21,13.21,19.68,-20.77,21.39,0.58,0.61,3.17,19.68,10.39,11.96,8.63,119.28,3,0.049,175.32,22-11-2001,NA,Exit load before 30 days,500,1000,12,500,0,14.68,Below Average,Average,synthetic_dummy_not_investment_advice
1127,DSP Gold Fund - Direct Growth,DSP MF,Commodity,Gold ETF/Fund of Fund,Direct Growth,Domestic Price of Gold,High,3,0.75,0,0,500,4765.2,7.67,6.23,6.58,0.8,0.97,0.23,0.94,0.9,9.46,19.83,-16.92,63.62,0.4,0.45,5.59,19.83,10.78,17.81,16.8,119.88,0.1,0.062,71.11,23-08-2005,NA,No Load,1000,500,6,500,1000,11.34,Above Average,High,synthetic_dummy_not_investment_advice
1128,Axis Gold Fund - Direct Growth,Axis MF,Commodity,Gold ETF/Fund of Fund,Direct Growth,Domestic Price of Gold,High,3,0.91,90,0,500,38095.04,-2.47,7.87,7.28,0.65,4.88,0.23,1.06,0.94,8.31,16.68,-10.25,190.59,0.57,0.66,3.3,16.68,9.52,15.52,17.19,98.16,0.69,0.076,54.55,17-09-2010,NA,Exit load before 90 days,100,1000,12,100,0,9.17,High,Low,synthetic_dummy_not_investment_advice
1129,HDFC Silver ETF FoF - Direct Growth,HDFC MF,Commodity,Silver ETF/Fund of Fund,Direct Growth,Domestic Price of Silver,Very High,4,1.08,365,0,5000,15892.74,24.74,7.56,7.29,0.94,3.26,0.3,0.73,1.11,11.78,19.38,-24.87,248.45,0.48,0.18,3.68,19.38,25.12,14.99,25.1,82.83,2.38,0.09,133.5,21-09-2002,NA,Exit load before 365 days,100,100,6,1000,0,9.69,Low,Below Average,synthetic_dummy_not_investment_advice
1130,UTI Silver ETF FoF - Direct Growth,UTI MF,Commodity,Silver ETF/Fund of Fund,Direct Growth,Domestic Price of Silver,Very High,4,0.93,30,0,1000,41382.42,12.72,5.41,5.26,0.36,3.97,0.22,0.45,0.95,21.26,31.27,-25.25,206.03,0.69,0.54,2.62,31.27,27.88,19.52,20.69,84.16,3.44,0.077,80.35,13-12-2023,NA,Exit load before 30 days,1000,1000,6,1000,1000,17.98,Below Average,Above Average,synthetic_dummy_not_investment_advice
1131,Motilal Oswal Silver ETF FoF - Direct Growth,Motilal Oswal MF,Commodity,Silver ETF/Fund of Fund,Direct Growth,Domestic Price of Silver,Very High,4,0.96,30,0,1000,51822.02,9.23,4.55,5.47,1.02,2.14,0.23,2.3,1.28,21.07,28.17,-12.51,112.63,0.5,0.03,5.15,28.17,22.15,17.96,28.6,80.87,0.41,0.08,74.96,24-03-2004,NA,Exit load before 30 days,1000,1000,6,1000,500,5.49,Above Average,Below Average,synthetic_dummy_not_investment_advice
1132,Mirae Asset US Equity FoF - Direct Growth,Mirae Asset MF,International,US Equity FoF,Direct Growth,S&P 500 TRI INR,Very High,5,1.55,90,0,5000,47651.37,16.6,10.69,15.03,0.38,5.04,0.97,0.43,0.86,13.23,22.8,-20.11,326.28,0.41,0.61,4.51,22.8,12.65,10.76,21.71,113.98,1.77,0.129,82.98,10-07-2023,Small Growth,Exit load before 90 days,100,1000,6,100,500,5.54,Average,Above Average,synthetic_dummy_not_investment_advice
1133,SBI US Equity FoF - Direct Growth,SBI MF,International,US Equity FoF,Direct Growth,S&P 500 TRI INR,Very High,5,1.11,0,0,500,55254.38,7.94,24.63,9.25,0.41,4.19,1.03,0.18,0.71,9.29,18.99,-42.7,55.86,0.63,0.31,3.95,18.99,18.06,16.35,15.57,87.84,1.44,0.093,108.93,11-12-2011,Large Blend,No Load,100,500,6,500,1000,15.1,Above Average,High,synthetic_dummy_not_investment_advice
1134,SBI US Equity FoF - Direct Growth,SBI MF,International,US Equity FoF,Direct Growth,S&P 500 TRI INR,Very High,5,1.38,90,0,5000,23092.32,3.48,17.84,18.5,1.04,3.92,0.88,0.68,1.22,8.66,16.56,-25.33,221.14,0.42,0.67,1.8,16.56,16.59,19.35,25.88,93.73,3.13,0.115,121.95,17-05-2009,Mid Growth,Exit load before 90 days,100,1000,6,500,0,14.62,Low,Average,synthetic_dummy_not_investment_advice
1135,Nippon India Global Equity FoF - Direct Growth,Nippon India MF,International,Global Equity FoF,Direct Growth,MSCI ACWI TRI INR,Very High,5,1.24,0,0,5000,67819.24,33.67,18.09,17.97,0.68,0.88,1.17,0.57,1.11,9.94,20.6,-24.76,109.45,0.79,0.21,5.88,20.6,10.44,22.91,14.57,100.34,2.2,0.103,135.27,12-05-2008,Large Blend,No Load,1000,500,12,500,1000,7.59,Average,Below Average,synthetic_dummy_not_investment_advice
1136,UTI Global Equity FoF - Direct Growth,UTI MF,International,Global Equity FoF,Direct Growth,MSCI ACWI TRI INR,Very High,5,1.11,30,0,500,47026.69,7.5,18.9,14.29,0.79,0.24,1.04,0.42,1.3,10.98,22.15,-41.23,315.04,0.68,-0.11,2.36,22.15,11.45,19.13,18.72,118.42,3.08,0.093,40.4,07-11-2006,Large Growth,Exit load before 30 days,500,500,6,500,0,10.54,High,Below Average,synthetic_dummy_not_investment_advice
1137,Kotak Global Equity FoF - Direct Growth,Kotak MF,International,Global Equity FoF,Direct Growth,MSCI ACWI TRI INR,Very High,5,0.51,90,0,100,10126.48,4.24,8.47,9.11,0.48,5.69,1.19,0.2,0.87,7.73,14.29,-33.71,263.51,0.76,0.47,4.46,14.29,18.58,11.88,22.69,86.08,2.11,0.043,118.67,11-05-2010,Large Growth,Exit load before 90 days,1000,500,12,500,0,12.75,Below Average,Below Average,synthetic_dummy_not_investment_advice
1138,Nippon India Nifty 50 Index Fund - Direct Growth,Nippon India MF,Passive,Index Fund - Large Cap,Direct Growth,Nifty 50 TRI,Very High,5,0.57,365,0,5000,18734.75,8.7,18.29,15.51,0.93,4.06,1.2,0.62,1.04,7.27,15.48,-23.15,325.22,0.98,0.71,2.99,15.48,13.49,16.04,9.42,93,0.49,0.047,84.96,13-01-2014,Large Blend,Exit load before 365 days,100,100,12,1000,0,10.12,High,Above Average,synthetic_dummy_not_investment_advice
1139,UTI Nifty 50 Index Fund - Direct Growth,UTI MF,Passive,Index Fund - Large Cap,Direct Growth,Nifty 50 TRI,Very High,5,0.2,365,0,500,58471.22,4.89,18.63,17.98,0.7,2.91,1,0.44,0.94,8.38,17.97,-28.77,185.77,0.7,0.67,2.77,17.97,10.41,13.55,11.75,108.91,3.11,0.017,163.75,05-07-2014,NA,Exit load before 365 days,500,100,6,100,0,10.86,Above Average,Average,synthetic_dummy_not_investment_advice
1140,ICICI Prudential Nifty 50 Index Fund - Direct Growth,ICICI Prudential MF,Passive,Index Fund - Large Cap,Direct Growth,Nifty 50 TRI,Very High,5,0.56,30,0,100,47096.03,5.27,16.26,19.98,0.74,-0.8,1.08,0.51,1.07,13.13,18.47,-26.69,70.81,0.88,0.24,1.93,18.47,12.8,9.06,18.71,110.75,1.07,0.047,108.05,27-02-2000,Mid Growth,Exit load before 30 days,100,500,12,500,0,13.09,High,High,synthetic_dummy_not_investment_advice
1141,HDFC Nifty 50 ETF - Direct Growth,HDFC MF,Passive,ETF - Equity,Direct Growth,Nifty 50 TRI,Very High,5,0.53,30,0,1000,13615.15,5.8,8.65,18.76,0.86,-1.71,1.08,0.33,1.16,9.38,13.29,-35.03,236.78,0.93,0.11,5.53,13.29,11.26,17.98,18.02,81.96,3.41,0.044,152.58,04-06-2020,Large Blend,Exit load before 30 days,1000,500,12,100,0,14.74,Average,Average,synthetic_dummy_not_investment_advice
1142,UTI Nifty 50 ETF - Direct Growth,UTI MF,Passive,ETF - Equity,Direct Growth,Nifty 50 TRI,Very High,5,0.64,365,0,1000,74628.32,6.49,22.54,20.37,0.9,1.87,1.2,0.62,1.21,11.41,17.38,-25.42,327.52,0.98,0.1,3.69,17.38,10.63,11.9,11.13,92.66,0.53,0.053,86.35,24-04-2023,NA,Exit load before 365 days,100,100,6,1000,500,14.48,Above Average,Low,synthetic_dummy_not_investment_advice
1143,Kotak Nifty 50 ETF - Direct Growth,Kotak MF,Passive,ETF - Equity,Direct Growth,Nifty 50 TRI,Very High,5,0.27,365,0,1000,24989.46,7.23,16.67,16.78,0.56,0.59,1.03,0.31,0.8,8.02,17.74,-31.84,243.18,0.76,0.56,3.73,17.74,15.24,14.37,12.69,81.16,3.53,0.023,77.44,14-04-2021,Multi-cap Blend,Exit load before 365 days,1000,100,12,1000,1000,15.36,Average,High,synthetic_dummy_not_investment_advice
1144,UTI Target Maturity Index Fund - Direct Growth,UTI MF,Passive,Index Fund - Debt,Direct Growth,Nifty 10 yr Benchmark G-Sec,Moderate,2,0.21,90,0,1000,58741.09,4.43,23.79,13.2,0.92,4.73,0.09,0.63,1.7,2.15,3.89,-5.64,137.58,0.83,-0.03,3.67,3.89,3.49,2.82,4.68,87.5,0.79,0.017,70.49,02-06-2001,Large Blend,Exit load before 90 days,1000,100,6,500,1000,8.53,Low,Above Average,synthetic_dummy_not_investment_advice
1145,Bandhan Target Maturity Index Fund - Direct Growth,Bandhan MF,Passive,Index Fund - Debt,Direct Growth,Nifty 10 yr Benchmark G-Sec,Moderate,2,1.01,0,0,1000,8952.95,4.23,17.37,17.23,0.71,-1.21,0.28,0.41,1.65,1.81,2.43,-4.2,185.49,0.98,0.02,0.32,2.43,1.94,4.47,3.19,95.5,4.01,0.084,61.15,13-12-2014,Large Growth,No Load,100,500,12,1000,500,11.07,Above Average,Low,synthetic_dummy_not_investment_advice
1146,Axis Target Maturity Index Fund - Direct Growth,Axis MF,Passive,Index Fund - Debt,Direct Growth,Nifty 10 yr Benchmark G-Sec,Moderate,2,0.44,365,0,500,33440.48,4.27,15.68,10.51,0.65,0.55,0.16,0.41,1.35,1.5,3.04,-4.86,249.48,0.74,0.06,0.52,3.04,2.79,4.56,6.85,104.53,3.15,0.037,112.86,06-04-2002,Large Value,Exit load before 365 days,100,500,6,1000,1000,6.38,High,Low,synthetic_dummy_not_investment_advice
